{
    "MAE": 561.5414310908877,
    "R2": 0.9053883481784046,
    "training_date": "2024-06-14 11:31:13"
}